anchor	ff5c1162-3700-4862-9791-c7a7a56b41d5
101	404c2d92-95ce-47dd-a61f-c4d2cf83dea7
102	6eec8143-aeda-4e5e-bae9-7fbb9b5141f9
103	7163f13b-f2a0-4eda-8e6b-2b94d7fb93f7
104	46bb5381-0668-4bb5-80fa-69307bce7dec
201	e352aca1-abe6-49c7-9585-b4e584d25dbe
202	d9a74b2c-5f84-4a23-85d2-eaa9147f8b52
203	9bcc118a-7db4-4184-a511-211c62bb79d5
204	03f452d3-42c4-4c58-a1ff-b915936bc433
301	01ffba6c-19fa-4723-bfdb-7c2e52892911
302	74ca379f-c28c-46c8-80d2-d2838a74196b
303	015f4434-1d4a-4c55-a92a-6b6c631880d2
304	a4b73446-d3a6-46d8-ad72-7030b6181fe2
401	b1bf6540-c139-4e88-a72c-7d16ae9eb1a8
402	01d7e974-225c-4487-a81f-d328bb34093e
403	8b794c33-9a3d-48b5-bcb9-a06048ca3c9a
404	c8ca84b1-4fb6-4d31-965a-a7f954682b52
501	4eacacbf-5351-4dba-a234-8dc94f6ae656
502	874607a8-dd95-494b-8305-9e70c500a7a3
503	49c1a762-17db-414c-ad93-416ea0626e61
504	5336afd3-3d67-4d4e-934f-914a782f1b57
601	cbd1571b-301d-481e-b966-b105d1d4a80e
602	427c890c-604c-482e-aff5-c5de086562f2
603	a18f11f0-7ee4-48ac-9aec-649ca572011f
604	a5db786e-75ad-4d8b-8969-5e5b57dd6bac
701	c603d0ba-c770-4e28-828f-7a91eeaa5682
702	e63384d3-86b3-4a55-87cd-5ec1fec8fa34
703	5ec0c3cb-9aad-443c-9f97-2b7c3eb4bd13
704	3b2f4655-259d-4997-8d6c-c9ec7819d592
801	d40aa6e4-15ac-40fd-8ecf-a4375e344104
802	36ff0d42-8e30-4d99-8bd9-1f720021d9a9
803	35d197d5-05fc-4c9b-94dd-7106340a4cab
804	89c4c16c-2b2e-453b-95e0-f2b251b4968a
901	5a5820cf-2879-44df-bc88-0953f31df7db
902	0252a7a5-ab62-45a4-9a97-f2ad8206fbb4
903	584d3a25-ef14-4a23-8432-6fafd897cfc2
904	fc2b5a0c-e4c1-4a67-a05a-3f03fd7c77f4
1001	c0a5728a-2db8-4b83-ba8e-3a0171c3c996
1002	bfaae65a-be56-4024-81a4-9a2298a328d8
1003	6fd4a9c1-2174-46f7-96f7-bb7b2598eba0
1004	28c16fe6-2400-42f8-bb8b-80b7bb102296
1101	1586138f-b876-4168-bc3a-17c79f555d35
1102	3e0e0e11-558c-4679-89d6-791a15d71e3d
1103	46abbdb9-833c-42cb-9edd-34041224879f
1104	https://d8j0ntlcm91z4.cloudfront.net/user_3CQ3SniOW74lIaBiTsI2ZhcNhLT/hf_20260919_065844_564cb0d0-da7a-45de-90e5-f417f1b90b7e.png
1201	8acd516b-4631-416f-8a79-1143701f6f26
1202	ef432cd7-5a8f-41a0-a59b-2bdb2b29c1d7
1203	42e65214-8a6a-423e-9080-1008996e90ff
1204	9b8510cd-f2e2-42cb-ad9b-48670316e1c6
1301	91f10cf3-2fa6-49a4-abf3-21b62fcedb6e
1302	e84faade-a4d6-40ca-9b49-e0d10861d276
1303	438d2d06-8a26-4546-bdec-36ffa1deb698
1304	81ebef4d-14a3-46fe-b67c-5eb61b3d3ae2
1401	289fedf2-c745-4005-a238-fabdc25b2b3c
1402	0546186e-b3b4-425e-8ec7-4b8a152b14f4
1403	3bc87e36-7000-4c69-965b-401e4e74330e
1404	37ff7557-b937-4e2c-96eb-d60b895a6db8
1501	083333ec-969b-400c-9438-520a8ecebc85
1502	22f6c8f0-2c10-4500-b120-2bdbf0c362c6
1503	4bfe56e9-ada4-4ac8-9b1b-d1c9fb15380b
1504	ee414b8d-bb24-4041-b590-d2155f1438e0
1601	4dcd4133-b37c-455f-a96f-db23570f81f8
1602	41fc0e7a-3e61-41c9-83c3-0c11ee2e777d
1603	8a060fe6-6b27-4d72-8249-21ca5e975f1c
1604	bb2764e9-83c7-4677-9d9a-e4c98e52ced2
1701	122002c9-b526-4068-9faa-230dbd4a2be0
1702	8eef2a66-fc33-4f98-b496-980f7a62bde4
1703	72581098-585b-4282-af6b-51055a9caced
1704	71cacc3f-7ad6-42a5-ae1e-99ded9beaa9b
1801	ee154df0-239f-4bff-933c-17a546bc4eea
1802	74a73625-445a-4ce4-8fba-4a1a6a63870e
1803	9cbde664-dddd-4c58-9f70-645d70e5560a
1804	e2e4a132-b150-436c-ae11-7246aa611c32
1901	234444c4-fdd1-4854-83a5-e0d470296040
1902	84d39bc6-b8b9-48d9-b413-b8126d32c6be
1903	fdf419f6-35a2-4ef2-ba7b-0462d06b333f
1904	d8cb3964-7e5a-4bba-82cb-26d8d80ce257
2001	5681779b-66d6-4280-93a7-d5ca966fe7d6
2002	8274e100-bb6a-45b4-bf69-02b9f778276e
2003	52bed82e-68e9-47be-905c-1de919f090ce
2004	57eb8a98-7e4b-4086-bd0c-af543053f6a8
2101	4e1e8558-ad59-4f7c-95ed-dfc2afe0ce37
2102	58dfafb6-5832-4660-a2a8-b776d713893f
2103	285dfaec-9658-40c0-8dc6-bfdba794fc9b
2104	f3b94afd-b47d-43a6-b23b-98d65b9ff09d
2201	726e9e97-bf4c-424b-b4d1-e32d54f509be
2202	2a87d4c2-88d8-47ac-8e7b-4c533a52c6af
2203	2d56cefc-da80-4b57-a23f-aa74f5cd76d8
2204	f895e52f-a490-4542-9925-cd6cf8d1c69c
2301	9fc37c6c-f5d0-4de6-b954-32d74bd12b39
2302	79f696f0-5b79-45d0-80a3-7520bfd493dc
2303	3d2201fa-8378-41e7-a6af-499ed99b4eb1
2304	d89596a6-1e91-4e68-aada-a01fdea212da
2401	c7dd94a7-fbf3-4d49-96de-e4fb2409a59b
2402	5d149e10-8ee8-4395-ab80-4bed26b35d58
2403	2220efc1-dcd5-438d-8b5d-f5418270513b
2404	5b5631d9-b691-40ea-ad3a-29d809e73227
2501	228828a7-5bbc-4ad2-8eb8-129de53b2fe2
2502	9ffd55a8-1978-48da-8e6b-da17c0b233f5
2503	bbbbb44d-f035-4903-97dc-c927ee7aa407
2504	fcfdbe8b-1857-48c4-8fce-53f35233f5d4
2601	071d6acf-2f35-48e0-9c1a-9863935c6904
2602	73bffb04-02f7-477f-9780-147252e99982
2603	44fa5735-7ff6-41bf-9308-2bf7f5128198
2604	2f14fb06-e8a0-41e5-a70b-f4d2f0005421
2701	7ddc5a5b-48e6-4550-9d27-8e3c1c9f662e
2702	c3dc29ce-9263-446b-8518-5229e65044f9
2703	d67be095-c9bb-4d78-9928-b1f79d66851f
2704	2b8443a1-d1b0-49e2-91df-c9e9a89163c3
