filename,timestamp,beat,panel,emotion,angle,shot,line,url
character-sheet.png,,,,,,Character and style anchor sheet,,https://d8j0ntlcm91z4.cloudfront.net/user_3CQ3SniOW74lIaBiTsI2ZhcNhLT/hf_20260919_063725_ff5c1162-3700-4862-9791-c7a7a56b41d5.png
00-01_p1.png,0:01-0:06,01,1,Tension,Dutch angle,"Wide full body, arms thrown up","""What the hell are you waiting for? 6 hours of speeches?""",https://d8j0ntlcm91z4.cloudfront.net/user_3CQ3SniOW74lIaBiTsI2ZhcNhLT/hf_20260919_064026_404c2d92-95ce-47dd-a61f-c4d2cf83dea7.png
00-01_p2.png,0:01-0:06,01,2,Tension,Dutch angle,"Medium-wide, palms spread","""What the hell are you waiting for? 6 hours of speeches?""",https://d8j0ntlcm91z4.cloudfront.net/user_3CQ3SniOW74lIaBiTsI2ZhcNhLT/hf_20260919_064026_6eec8143-aeda-4e5e-bae9-7fbb9b5141f9.png
00-01_p3.png,0:01-0:06,01,3,Tension,Dutch angle,"Medium, mid-shout","""What the hell are you waiting for? 6 hours of speeches?""",https://d8j0ntlcm91z4.cloudfront.net/user_3CQ3SniOW74lIaBiTsI2ZhcNhLT/hf_20260919_064026_7163f13b-f2a0-4eda-8e6b-2b94d7fb93f7.png
00-01_p4.png,0:01-0:06,01,4,Tension,Dutch angle,"Medium close, head tipped back","""What the hell are you waiting for? 6 hours of speeches?""",https://d8j0ntlcm91z4.cloudfront.net/user_3CQ3SniOW74lIaBiTsI2ZhcNhLT/hf_20260919_064026_46bb5381-0668-4bb5-80fa-69307bce7dec.png
00-06_p1.png,0:06-0:09,02,1,Tension,Dutch angle,"Medium, looking back over the shoulder","""What the hell is going on?""",https://d8j0ntlcm91z4.cloudfront.net/user_3CQ3SniOW74lIaBiTsI2ZhcNhLT/hf_20260919_064026_e352aca1-abe6-49c7-9585-b4e584d25dbe.png
00-06_p2.png,0:06-0:09,02,2,Tension,Dutch angle,"Medium close, frowning back","""What the hell is going on?""",https://d8j0ntlcm91z4.cloudfront.net/user_3CQ3SniOW74lIaBiTsI2ZhcNhLT/hf_20260919_064026_d9a74b2c-5f84-4a23-85d2-eaa9147f8b52.png
00-06_p3.png,0:06-0:09,02,3,Tension,Dutch angle,"Close-up, brow furrowed","""What the hell is going on?""",https://d8j0ntlcm91z4.cloudfront.net/user_3CQ3SniOW74lIaBiTsI2ZhcNhLT/hf_20260919_064026_9bcc118a-7db4-4184-a511-211c62bb79d5.png
00-06_p4.png,0:06-0:09,02,4,Tension,Dutch angle,"Wide, hand on hip, turned back","""What the hell is going on?""",https://d8j0ntlcm91z4.cloudfront.net/user_3CQ3SniOW74lIaBiTsI2ZhcNhLT/hf_20260919_064026_03f452d3-42c4-4c58-a1ff-b915936bc433.png
00-09_p1.png,0:09-0:15,03,1,Neutral,Eye-level,"Wide two-shot, Gasuka on the bench","""Hey, where are you going?"" / ""You escaped too?"" / ""Yeah""",https://d8j0ntlcm91z4.cloudfront.net/user_3CQ3SniOW74lIaBiTsI2ZhcNhLT/hf_20260919_064026_01ffba6c-19fa-4723-bfdb-7c2e52892911.png
00-09_p2.png,0:09-0:15,03,2,Neutral,Eye-level,"Medium on Gasuka, hand raised","""Hey, where are you going?"" / ""You escaped too?"" / ""Yeah""",https://d8j0ntlcm91z4.cloudfront.net/user_3CQ3SniOW74lIaBiTsI2ZhcNhLT/hf_20260919_064026_74ca379f-c28c-46c8-80d2-d2838a74196b.png
00-09_p3.png,0:09-0:15,03,3,Neutral,Eye-level,"Medium on Muhire, mild surprise","""Hey, where are you going?"" / ""You escaped too?"" / ""Yeah""",https://d8j0ntlcm91z4.cloudfront.net/user_3CQ3SniOW74lIaBiTsI2ZhcNhLT/hf_20260919_064026_015f4434-1d4a-4c55-a92a-6b6c631880d2.png
00-09_p4.png,0:09-0:15,03,4,Neutral,Eye-level,"Medium two-shot, Muhire walking over","""Hey, where are you going?"" / ""You escaped too?"" / ""Yeah""",https://d8j0ntlcm91z4.cloudfront.net/user_3CQ3SniOW74lIaBiTsI2ZhcNhLT/hf_20260919_064026_a4b73446-d3a6-46d8-ad72-7030b6181fe2.png
00-15_p1.png,0:15-0:21,04,1,Neutral,Eye-level,"Medium two-shot, thumb jerked at the hall","""The uncle took the mic again?"" / ""I'm not going back""",https://d8j0ntlcm91z4.cloudfront.net/user_3CQ3SniOW74lIaBiTsI2ZhcNhLT/hf_20260919_064129_b1bf6540-c139-4e88-a72c-7d16ae9eb1a8.png
00-15_p2.png,0:15-0:21,04,2,Neutral,Eye-level,"Close on Gasuka, knowing smile","""The uncle took the mic again?"" / ""I'm not going back""",https://d8j0ntlcm91z4.cloudfront.net/user_3CQ3SniOW74lIaBiTsI2ZhcNhLT/hf_20260919_064129_01d7e974-225c-4487-a81f-d328bb34093e.png
00-15_p3.png,0:15-0:21,04,3,Neutral,Eye-level,"Medium on Muhire, arms folded","""The uncle took the mic again?"" / ""I'm not going back""",https://d8j0ntlcm91z4.cloudfront.net/user_3CQ3SniOW74lIaBiTsI2ZhcNhLT/hf_20260919_064129_8b794c33-9a3d-48b5-bcb9-a06048ca3c9a.png
00-15_p4.png,0:15-0:21,04,4,Neutral,Eye-level,"Wide two-shot, Muhire sits down","""The uncle took the mic again?"" / ""I'm not going back""",https://d8j0ntlcm91z4.cloudfront.net/user_3CQ3SniOW74lIaBiTsI2ZhcNhLT/hf_20260919_064129_c8ca84b1-4fb6-4d31-965a-a7f954682b52.png
00-21_p1.png,0:21-0:28,05,1,Conflict,Over-the-shoulder,"Over Gasuka onto Muhire, hand extended","""Gasuka, groom's side."" / ""Muhire. Bride's side."" / ""So we're enemies tonight""",https://d8j0ntlcm91z4.cloudfront.net/user_3CQ3SniOW74lIaBiTsI2ZhcNhLT/hf_20260919_064129_4eacacbf-5351-4dba-a234-8dc94f6ae656.png
00-21_p2.png,0:21-0:28,05,2,Conflict,Over-the-shoulder,Reverse over Muhire onto Gasuka,"""Gasuka, groom's side."" / ""Muhire. Bride's side."" / ""So we're enemies tonight""",https://d8j0ntlcm91z4.cloudfront.net/user_3CQ3SniOW74lIaBiTsI2ZhcNhLT/hf_20260919_064129_874607a8-dd95-494b-8305-9e70c500a7a3.png
00-21_p3.png,0:21-0:28,05,3,Conflict,Over-the-shoulder,"Over Gasuka, the handshake","""Gasuka, groom's side."" / ""Muhire. Bride's side."" / ""So we're enemies tonight""",https://d8j0ntlcm91z4.cloudfront.net/user_3CQ3SniOW74lIaBiTsI2ZhcNhLT/hf_20260919_064129_49c1a762-17db-414c-ad93-416ea0626e61.png
00-21_p4.png,0:21-0:28,05,4,Conflict,Over-the-shoulder,"Reverse over Muhire, half smile","""Gasuka, groom's side."" / ""Muhire. Bride's side."" / ""So we're enemies tonight""",https://d8j0ntlcm91z4.cloudfront.net/user_3CQ3SniOW74lIaBiTsI2ZhcNhLT/hf_20260919_064129_5336afd3-3d67-4d4e-934f-914a782f1b57.png
00-28_p1.png,0:28-0:38,06,1,Intimacy,Close-up,"Close on Muhire, teasing grin","""Only if the food runs out."" / ""Uncle, you look stressed.""",https://d8j0ntlcm91z4.cloudfront.net/user_3CQ3SniOW74lIaBiTsI2ZhcNhLT/hf_20260919_064129_cbd1571b-301d-481e-b966-b105d1d4a80e.png
00-28_p2.png,0:28-0:38,06,2,Intimacy,Close-up,"Close on Gasuka, pinching his nose","""Only if the food runs out."" / ""Uncle, you look stressed.""",https://d8j0ntlcm91z4.cloudfront.net/user_3CQ3SniOW74lIaBiTsI2ZhcNhLT/hf_20260919_064129_427c890c-604c-482e-aff5-c5de086562f2.png
00-28_p3.png,0:28-0:38,06,3,Intimacy,Close-up,"Close on Muhire, leaning in","""Only if the food runs out."" / ""Uncle, you look stressed.""",https://d8j0ntlcm91z4.cloudfront.net/user_3CQ3SniOW74lIaBiTsI2ZhcNhLT/hf_20260919_064129_a18f11f0-7ee4-48ac-9aec-649ca572011f.png
00-28_p4.png,0:28-0:38,06,4,Intimacy,Close-up,Extreme close on Muhire's eyes,"""Only if the food runs out."" / ""Uncle, you look stressed.""",https://d8j0ntlcm91z4.cloudfront.net/user_3CQ3SniOW74lIaBiTsI2ZhcNhLT/hf_20260919_064129_a5db786e-75ad-4d8b-8969-5e5b57dd6bac.png
00-38_p1.png,0:38-0:48,07,1,Intimacy,Close-up,"Close on Muhire, fingers pinched","""Grass."" / ""Like the lawn?"" / ""No uncle. The special grass.""",https://d8j0ntlcm91z4.cloudfront.net/user_3CQ3SniOW74lIaBiTsI2ZhcNhLT/hf_20260919_064210_c603d0ba-c770-4e28-828f-7a91eeaa5682.png
00-38_p2.png,0:38-0:48,07,2,Intimacy,Close-up,"Close on Gasuka, blank","""Grass."" / ""Like the lawn?"" / ""No uncle. The special grass.""",https://d8j0ntlcm91z4.cloudfront.net/user_3CQ3SniOW74lIaBiTsI2ZhcNhLT/hf_20260919_064210_e63384d3-86b3-4a55-87cd-5ec1fec8fa34.png
00-38_p3.png,0:38-0:48,07,3,Intimacy,Close-up,"Close on Gasuka, glancing down","""Grass."" / ""Like the lawn?"" / ""No uncle. The special grass.""",https://d8j0ntlcm91z4.cloudfront.net/user_3CQ3SniOW74lIaBiTsI2ZhcNhLT/hf_20260919_064211_5ec0c3cb-9aad-443c-9f97-2b7c3eb4bd13.png
00-38_p4.png,0:38-0:48,07,4,Intimacy,Close-up,"Close on Muhire, correcting him","""Grass."" / ""Like the lawn?"" / ""No uncle. The special grass.""",https://d8j0ntlcm91z4.cloudfront.net/user_3CQ3SniOW74lIaBiTsI2ZhcNhLT/hf_20260919_064210_3b2f4655-259d-4997-8d6c-c9ec7819d592.png
00-49_p1.png,0:49-0:58,08,1,Power,Low angle,"Medium, hand on his chest","""I'm not a smoker, I'm an artist."" / ""These hands?""",https://d8j0ntlcm91z4.cloudfront.net/user_3CQ3SniOW74lIaBiTsI2ZhcNhLT/hf_20260919_064211_d40aa6e4-15ac-40fd-8ecf-a4375e344104.png
00-49_p2.png,0:49-0:58,08,2,Power,Low angle,"Close from below, proud","""I'm not a smoker, I'm an artist."" / ""These hands?""",https://d8j0ntlcm91z4.cloudfront.net/user_3CQ3SniOW74lIaBiTsI2ZhcNhLT/hf_20260919_064210_36ff0d42-8e30-4d99-8bd9-1f720021d9a9.png
00-49_p3.png,0:49-0:58,08,3,Power,Low angle,"Medium, both palms presented","""I'm not a smoker, I'm an artist."" / ""These hands?""",https://d8j0ntlcm91z4.cloudfront.net/user_3CQ3SniOW74lIaBiTsI2ZhcNhLT/hf_20260919_064210_35d197d5-05fc-4c9b-94dd-7106340a4cab.png
00-49_p4.png,0:49-0:58,08,4,Power,Low angle,"Wide full body, arms spread","""I'm not a smoker, I'm an artist."" / ""These hands?""",https://d8j0ntlcm91z4.cloudfront.net/user_3CQ3SniOW74lIaBiTsI2ZhcNhLT/hf_20260919_064210_89c4c16c-2b2e-453b-95e0-f2b251b4968a.png
00-58_p1.png,0:58-1:08,09,1,Power,Low angle,"Medium, thumbs at his chest","""Picasso, baby. They call me the King of Leaves.""",https://d8j0ntlcm91z4.cloudfront.net/user_3CQ3SniOW74lIaBiTsI2ZhcNhLT/hf_20260919_064210_5a5820cf-2879-44df-bc88-0953f31df7db.png
00-58_p2.png,0:58-1:08,09,2,Power,Low angle,"Close from below, wide grin","""Picasso, baby. They call me the King of Leaves.""",https://d8j0ntlcm91z4.cloudfront.net/user_3CQ3SniOW74lIaBiTsI2ZhcNhLT/hf_20260919_064210_0252a7a5-ab62-45a4-9a97-f2ad8206fbb4.png
00-58_p3.png,0:58-1:08,09,3,Power,Low angle,"Wide, standing on the bench","""Picasso, baby. They call me the King of Leaves.""",https://d8j0ntlcm91z4.cloudfront.net/user_3CQ3SniOW74lIaBiTsI2ZhcNhLT/hf_20260919_064211_584d3a25-ef14-4a23-8432-6fafd897cfc2.png
00-58_p4.png,0:58-1:08,09,4,Power,Low angle,"Medium-wide, arms overhead","""Picasso, baby. They call me the King of Leaves.""",https://d8j0ntlcm91z4.cloudfront.net/user_3CQ3SniOW74lIaBiTsI2ZhcNhLT/hf_20260919_064211_fc2b5a0c-e4c1-4a67-a05a-3f03fd7c77f4.png
01-08_p1.png,1:08-1:18,10,1,Tension,Dutch angle,"Medium on Gasuka, level stare","""I've met kings. They all talk like that, before they fall.""",https://d8j0ntlcm91z4.cloudfront.net/user_3CQ3SniOW74lIaBiTsI2ZhcNhLT/hf_20260919_064307_c0a5728a-2db8-4b83-ba8e-3a0171c3c996.png
01-08_p2.png,1:08-1:18,10,2,Tension,Dutch angle,"Close on Gasuka, cold","""I've met kings. They all talk like that, before they fall.""",https://d8j0ntlcm91z4.cloudfront.net/user_3CQ3SniOW74lIaBiTsI2ZhcNhLT/hf_20260919_064309_bfaae65a-be56-4024-81a4-9a2298a328d8.png
01-08_p3.png,1:08-1:18,10,3,Tension,Dutch angle,"Medium two-shot, grin faltering","""I've met kings. They all talk like that, before they fall.""",https://d8j0ntlcm91z4.cloudfront.net/user_3CQ3SniOW74lIaBiTsI2ZhcNhLT/hf_20260919_064308_6fd4a9c1-2174-46f7-96f7-bb7b2598eba0.png
01-08_p4.png,1:08-1:18,10,4,Tension,Dutch angle,"Close on Muhire, smile frozen","""I've met kings. They all talk like that, before they fall.""",https://d8j0ntlcm91z4.cloudfront.net/user_3CQ3SniOW74lIaBiTsI2ZhcNhLT/hf_20260919_064307_28c16fe6-2400-42f8-bb8b-80b7bb102296.png
01-18_p1.png,1:18-1:26,11,1,Power,Low angle,"Medium, waving it away","""Fall? Me? Never. Not once.""",https://d8j0ntlcm91z4.cloudfront.net/user_3CQ3SniOW74lIaBiTsI2ZhcNhLT/hf_20260919_064307_1586138f-b876-4168-bc3a-17c79f555d35.png
01-18_p2.png,1:18-1:26,11,2,Power,Low angle,"Close from below, scoffing","""Fall? Me? Never. Not once.""",https://d8j0ntlcm91z4.cloudfront.net/user_3CQ3SniOW74lIaBiTsI2ZhcNhLT/hf_20260919_064307_3e0e0e11-558c-4679-89d6-791a15d71e3d.png
01-18_p3.png,1:18-1:26,11,3,Power,Low angle,"Medium, finger raised","""Fall? Me? Never. Not once.""",https://d8j0ntlcm91z4.cloudfront.net/user_3CQ3SniOW74lIaBiTsI2ZhcNhLT/hf_20260919_064307_46abbdb9-833c-42cb-9edd-34041224879f.png
01-18_p4.png,1:18-1:26,11,4,Power,Low angle,"Wide full body, swaggering","""Fall? Me? Never. Not once.""",https://d8j0ntlcm91z4.cloudfront.net/user_3CQ3SniOW74lIaBiTsI2ZhcNhLT/hf_20260919_065844_564cb0d0-da7a-45de-90e5-f417f1b90b7e.png
01-26_p1.png,1:26-1:37,12,1,Conflict,Over-the-shoulder,"Over Muhire onto Gasuka, asking","""Nobody ever caught you?"" / ""Police are too busy with traffic.""",https://d8j0ntlcm91z4.cloudfront.net/user_3CQ3SniOW74lIaBiTsI2ZhcNhLT/hf_20260919_064307_8acd516b-4631-416f-8a79-1143701f6f26.png
01-26_p2.png,1:26-1:37,12,2,Conflict,Over-the-shoulder,"Reverse onto Muhire, dismissive","""Nobody ever caught you?"" / ""Police are too busy with traffic.""",https://d8j0ntlcm91z4.cloudfront.net/user_3CQ3SniOW74lIaBiTsI2ZhcNhLT/hf_20260919_064307_ef432cd7-5a8f-41a0-a59b-2bdb2b29c1d7.png
01-26_p3.png,1:26-1:37,12,3,Conflict,Over-the-shoulder,"Over Muhire onto Gasuka, probing","""Nobody ever caught you?"" / ""Police are too busy with traffic.""",https://d8j0ntlcm91z4.cloudfront.net/user_3CQ3SniOW74lIaBiTsI2ZhcNhLT/hf_20260919_064307_42e65214-8a6a-423e-9080-1008996e90ff.png
01-26_p4.png,1:26-1:37,12,4,Conflict,Over-the-shoulder,"Reverse onto Muhire, laughing","""Nobody ever caught you?"" / ""Police are too busy with traffic.""",https://d8j0ntlcm91z4.cloudfront.net/user_3CQ3SniOW74lIaBiTsI2ZhcNhLT/hf_20260919_064307_9b8510cd-f2e2-42cb-ad9b-48670316e1c6.png
01-37_p1.png,1:37-1:47,13,1,Conflict,Over-the-shoulder,"Over Gasuka onto Muhire, smug finger","""My father knows people."" / ""Everybody's father knows people.""",https://d8j0ntlcm91z4.cloudfront.net/user_3CQ3SniOW74lIaBiTsI2ZhcNhLT/hf_20260919_064352_91f10cf3-2fa6-49a4-abf3-21b62fcedb6e.png
01-37_p2.png,1:37-1:47,13,2,Conflict,Over-the-shoulder,"Reverse onto Gasuka, unimpressed","""My father knows people."" / ""Everybody's father knows people.""",https://d8j0ntlcm91z4.cloudfront.net/user_3CQ3SniOW74lIaBiTsI2ZhcNhLT/hf_20260919_064352_e84faade-a4d6-40ca-9b49-e0d10861d276.png
01-37_p3.png,1:37-1:47,13,3,Conflict,Over-the-shoulder,"Over Gasuka onto Muhire, shrugging","""My father knows people."" / ""Everybody's father knows people.""",https://d8j0ntlcm91z4.cloudfront.net/user_3CQ3SniOW74lIaBiTsI2ZhcNhLT/hf_20260919_064351_438d2d06-8a26-4546-bdec-36ffa1deb698.png
01-37_p4.png,1:37-1:47,13,4,Conflict,Over-the-shoulder,"Reverse onto Gasuka, sceptical","""My father knows people."" / ""Everybody's father knows people.""",https://d8j0ntlcm91z4.cloudfront.net/user_3CQ3SniOW74lIaBiTsI2ZhcNhLT/hf_20260919_064351_81ebef4d-14a3-46fe-b67c-5eb61b3d3ae2.png
01-48_p1.png,1:48-1:58,14,1,Tension,Dutch angle,"Medium, counting on his fingers","""I can spot a cop a mile away. The walk. The shoes.""",https://d8j0ntlcm91z4.cloudfront.net/user_3CQ3SniOW74lIaBiTsI2ZhcNhLT/hf_20260919_064351_289fedf2-c745-4005-a238-fabdc25b2b3c.png
01-48_p2.png,1:48-1:58,14,2,Tension,Dutch angle,"Close, miming a stern face","""I can spot a cop a mile away. The walk. The shoes.""",https://d8j0ntlcm91z4.cloudfront.net/user_3CQ3SniOW74lIaBiTsI2ZhcNhLT/hf_20260919_064351_0546186e-b3b4-425e-8ec7-4b8a152b14f4.png
01-48_p3.png,1:48-1:58,14,3,Tension,Dutch angle,"Medium two-shot, gesturing down","""I can spot a cop a mile away. The walk. The shoes.""",https://d8j0ntlcm91z4.cloudfront.net/user_3CQ3SniOW74lIaBiTsI2ZhcNhLT/hf_20260919_064351_3bc87e36-7000-4c69-965b-401e4e74330e.png
01-48_p4.png,1:48-1:58,14,4,Tension,Dutch angle,"Close on Gasuka, carefully blank","""I can spot a cop a mile away. The walk. The shoes.""",https://d8j0ntlcm91z4.cloudfront.net/user_3CQ3SniOW74lIaBiTsI2ZhcNhLT/hf_20260919_064352_37ff7557-b937-4e2c-96eb-d60b895a6db8.png
01-58_p1.png,1:58-2:07,15,1,Tension,Dutch angle,"Low medium, the shoes sliding under the bench","""Police always wear shoes like-""",https://d8j0ntlcm91z4.cloudfront.net/user_3CQ3SniOW74lIaBiTsI2ZhcNhLT/hf_20260919_064351_083333ec-969b-400c-9438-520a8ecebc85.png
01-58_p2.png,1:58-2:07,15,2,Tension,Dutch angle,"Close on Gasuka, tight neutral","""Police always wear shoes like-""",https://d8j0ntlcm91z4.cloudfront.net/user_3CQ3SniOW74lIaBiTsI2ZhcNhLT/hf_20260919_064352_22f6c8f0-2c10-4500-b120-2bdbf0c362c6.png
01-58_p3.png,1:58-2:07,15,3,Tension,Dutch angle,"Wide two-shot, feet withdrawing","""Police always wear shoes like-""",https://d8j0ntlcm91z4.cloudfront.net/user_3CQ3SniOW74lIaBiTsI2ZhcNhLT/hf_20260919_064352_4bfe56e9-ada4-4ac8-9b1b-d1c9fb15380b.png
01-58_p4.png,1:58-2:07,15,4,Tension,Dutch angle,"Close on Muhire, oblivious","""Police always wear shoes like-""",https://d8j0ntlcm91z4.cloudfront.net/user_3CQ3SniOW74lIaBiTsI2ZhcNhLT/hf_20260919_064352_ee414b8d-bb24-4041-b590-d2155f1438e0.png
02-08_p1.png,2:08-2:22,16,1,Intimacy,Close-up,"Close on Muhire, hand on his heart","""Groom's side. Bride's side. Tonight we're family.""",https://d8j0ntlcm91z4.cloudfront.net/user_3CQ3SniOW74lIaBiTsI2ZhcNhLT/hf_20260919_064450_4dcd4133-b37c-455f-a96f-db23570f81f8.png
02-08_p2.png,2:08-2:22,16,2,Intimacy,Close-up,"Close on Gasuka, small nod","""Groom's side. Bride's side. Tonight we're family.""",https://d8j0ntlcm91z4.cloudfront.net/user_3CQ3SniOW74lIaBiTsI2ZhcNhLT/hf_20260919_064451_41fc0e7a-3e61-41c9-83c3-0c11ee2e777d.png
02-08_p3.png,2:08-2:22,16,3,Intimacy,Close-up,"Tight close, hand into the shirt pocket","""Groom's side. Bride's side. Tonight we're family.""",https://d8j0ntlcm91z4.cloudfront.net/user_3CQ3SniOW74lIaBiTsI2ZhcNhLT/hf_20260919_064450_8a060fe6-6b27-4d72-8249-21ca5e975f1c.png
02-08_p4.png,2:08-2:22,16,4,Intimacy,Close-up,"Close on Muhire, leaning right in","""Groom's side. Bride's side. Tonight we're family.""",https://d8j0ntlcm91z4.cloudfront.net/user_3CQ3SniOW74lIaBiTsI2ZhcNhLT/hf_20260919_064450_bb2764e9-83c7-4677-9d9a-e4c98e52ced2.png
02-22_p1.png,2:22-2:34,17,1,Intimacy,Close-up,"Close on Muhire, the paper twist raised","""Wedding special. Tonight I show you real art.""",https://d8j0ntlcm91z4.cloudfront.net/user_3CQ3SniOW74lIaBiTsI2ZhcNhLT/hf_20260919_065844_b799f682-5182-4945-beaa-53faeeb127ee.png
02-22_p2.png,2:22-2:34,17,2,Intimacy,Close-up,"Close on Gasuka, eyes dropping","""Wedding special. Tonight I show you real art.""",https://d8j0ntlcm91z4.cloudfront.net/user_3CQ3SniOW74lIaBiTsI2ZhcNhLT/hf_20260919_064450_8eef2a66-fc33-4f98-b496-980f7a62bde4.png
02-22_p3.png,2:22-2:34,17,3,Intimacy,Close-up,"Close on Gasuka, eyes lifting","""Wedding special. Tonight I show you real art.""",https://d8j0ntlcm91z4.cloudfront.net/user_3CQ3SniOW74lIaBiTsI2ZhcNhLT/hf_20260919_064450_72581098-585b-4282-af6b-51055a9caced.png
02-22_p4.png,2:22-2:34,17,4,Intimacy,Close-up,"Close on Muhire, delighted","""Wedding special. Tonight I show you real art.""",https://d8j0ntlcm91z4.cloudfront.net/user_3CQ3SniOW74lIaBiTsI2ZhcNhLT/hf_20260919_064451_71cacc3f-7ad6-42a5-ae1e-99ded9beaa9b.png
02-35_p1.png,2:35-2:45,18,1,Power,Low angle,"Medium, rising with the badge out","""No more parties. Inspector Gasuka.""",https://d8j0ntlcm91z4.cloudfront.net/user_3CQ3SniOW74lIaBiTsI2ZhcNhLT/hf_20260919_064451_ee154df0-239f-4bff-933c-17a546bc4eea.png
02-35_p2.png,2:35-2:45,18,2,Power,Low angle,Tight low on the badge wallet,"""No more parties. Inspector Gasuka.""",https://d8j0ntlcm91z4.cloudfront.net/user_3CQ3SniOW74lIaBiTsI2ZhcNhLT/hf_20260919_064450_74a73625-445a-4ce4-8fba-4a1a6a63870e.png
02-35_p3.png,2:35-2:45,18,3,Power,Low angle,"Close from below, hard and calm","""No more parties. Inspector Gasuka.""",https://d8j0ntlcm91z4.cloudfront.net/user_3CQ3SniOW74lIaBiTsI2ZhcNhLT/hf_20260919_064450_9cbde664-dddd-4c58-9f70-645d70e5560a.png
02-35_p4.png,2:35-2:45,18,4,Power,Low angle,"Wide full body, feet planted","""No more parties. Inspector Gasuka.""",https://d8j0ntlcm91z4.cloudfront.net/user_3CQ3SniOW74lIaBiTsI2ZhcNhLT/hf_20260919_064450_e2e4a132-b150-436c-ae11-7246aa611c32.png
02-45_p1.png,2:45-2:57,19,1,Weakness,High angle,"Medium looking down, shoulders drawn in","""Police? At a wedding?"" / ""Police get invited too.""",https://d8j0ntlcm91z4.cloudfront.net/user_3CQ3SniOW74lIaBiTsI2ZhcNhLT/hf_20260919_064537_234444c4-fdd1-4854-83a5-e0d470296040.png
02-45_p2.png,2:45-2:57,19,2,Weakness,High angle,"Close on the upturned face, panic","""Police? At a wedding?"" / ""Police get invited too.""",https://d8j0ntlcm91z4.cloudfront.net/user_3CQ3SniOW74lIaBiTsI2ZhcNhLT/hf_20260919_064537_84d39bc6-b8b9-48d9-b413-b8126d32c6be.png
02-45_p3.png,2:45-2:57,19,3,Weakness,High angle,"Medium two-shot, standing over him","""Police? At a wedding?"" / ""Police get invited too.""",https://d8j0ntlcm91z4.cloudfront.net/user_3CQ3SniOW74lIaBiTsI2ZhcNhLT/hf_20260919_064537_fdf419f6-35a2-4ef2-ba7b-0462d06b333f.png
02-45_p4.png,2:45-2:57,19,4,Weakness,High angle,"Wide, small in the frame","""Police? At a wedding?"" / ""Police get invited too.""",https://d8j0ntlcm91z4.cloudfront.net/user_3CQ3SniOW74lIaBiTsI2ZhcNhLT/hf_20260919_064537_d8cb3964-7e5a-4bba-82cb-26d8d80ce257.png
02-57_p1.png,2:57-3:10,20,1,Weakness,High angle,"Medium, hands going behind the back","""Hands behind your back, King of Leaves.""",https://d8j0ntlcm91z4.cloudfront.net/user_3CQ3SniOW74lIaBiTsI2ZhcNhLT/hf_20260919_064537_5681779b-66d6-4280-93a7-d5ca966fe7d6.png
02-57_p2.png,2:57-3:10,20,2,Weakness,High angle,"Close, head lowered, protesting","""Hands behind your back, King of Leaves.""",https://d8j0ntlcm91z4.cloudfront.net/user_3CQ3SniOW74lIaBiTsI2ZhcNhLT/hf_20260919_064537_8274e100-bb6a-45b4-bf69-02b9f778276e.png
02-57_p3.png,2:57-3:10,20,3,Weakness,High angle,"Medium-wide, a hand on the shoulder","""Hands behind your back, King of Leaves.""",https://d8j0ntlcm91z4.cloudfront.net/user_3CQ3SniOW74lIaBiTsI2ZhcNhLT/hf_20260919_064537_52bed82e-68e9-47be-905c-1de919f090ce.png
02-57_p4.png,2:57-3:10,20,4,Weakness,High angle,"Wide from above, wrists together","""Hands behind your back, King of Leaves.""",https://d8j0ntlcm91z4.cloudfront.net/user_3CQ3SniOW74lIaBiTsI2ZhcNhLT/hf_20260919_064537_57eb8a98-7e4b-4086-bd0c-af543053f6a8.png
03-10_p1.png,3:10-3:21,21,1,Intimacy,Close-up,"Tight close, the note between two hands","""Call it a wedding gift. Nobody has to know.""",https://d8j0ntlcm91z4.cloudfront.net/user_3CQ3SniOW74lIaBiTsI2ZhcNhLT/hf_20260919_064537_4e1e8558-ad59-4f7c-95ed-dfc2afe0ce37.png
03-10_p2.png,3:10-3:21,21,2,Intimacy,Close-up,"Close on Muhire, pleading","""Call it a wedding gift. Nobody has to know.""",https://d8j0ntlcm91z4.cloudfront.net/user_3CQ3SniOW74lIaBiTsI2ZhcNhLT/hf_20260919_064537_58dfafb6-5832-4660-a2a8-b776d713893f.png
03-10_p3.png,3:10-3:21,21,3,Intimacy,Close-up,"Close on Gasuka, eyes down, refusing","""Call it a wedding gift. Nobody has to know.""",https://d8j0ntlcm91z4.cloudfront.net/user_3CQ3SniOW74lIaBiTsI2ZhcNhLT/hf_20260919_064537_285dfaec-9658-40c0-8dc6-bfdba794fc9b.png
03-10_p4.png,3:10-3:21,21,4,Intimacy,Close-up,Extreme close on the folded note,"""Call it a wedding gift. Nobody has to know.""",https://d8j0ntlcm91z4.cloudfront.net/user_3CQ3SniOW74lIaBiTsI2ZhcNhLT/hf_20260919_064537_f3b94afd-b47d-43a6-b23b-98d65b9ff09d.png
03-21_p1.png,3:21-3:33,22,1,Power,Low angle,"Medium, pushing the money back","""Put it away. And that's two charges.""",https://d8j0ntlcm91z4.cloudfront.net/user_3CQ3SniOW74lIaBiTsI2ZhcNhLT/hf_20260919_064640_726e9e97-bf4c-424b-b4d1-e32d54f509be.png
03-21_p2.png,3:21-3:33,22,2,Power,Low angle,"Tight low, the cuffs closing","""Put it away. And that's two charges.""",https://d8j0ntlcm91z4.cloudfront.net/user_3CQ3SniOW74lIaBiTsI2ZhcNhLT/hf_20260919_064640_2a87d4c2-88d8-47ac-8e7b-4c533a52c6af.png
03-21_p3.png,3:21-3:33,22,3,Power,Low angle,"Close from below, implacable","""Put it away. And that's two charges.""",https://d8j0ntlcm91z4.cloudfront.net/user_3CQ3SniOW74lIaBiTsI2ZhcNhLT/hf_20260919_064640_2d56cefc-da80-4b57-a23f-aa74f5cd76d8.png
03-21_p4.png,3:21-3:33,22,4,Power,Low angle,"Wide two-shot, cuffed beside him","""Put it away. And that's two charges.""",https://d8j0ntlcm91z4.cloudfront.net/user_3CQ3SniOW74lIaBiTsI2ZhcNhLT/hf_20260919_064640_f895e52f-a490-4542-9925-cd6cf8d1c69c.png
03-33_p1.png,3:33-3:44,23,1,Tension,Dutch angle,"Medium, twisting against the cuffs","Muhire raging / ""Who is it?"" / ""Afande."" / ""Papa.""",https://d8j0ntlcm91z4.cloudfront.net/user_3CQ3SniOW74lIaBiTsI2ZhcNhLT/hf_20260919_064640_9fc37c6c-f5d0-4de6-b954-32d74bd12b39.png
03-33_p2.png,3:33-3:44,23,2,Tension,Dutch angle,"Close, contorted with rage","Muhire raging / ""Who is it?"" / ""Afande."" / ""Papa.""",https://d8j0ntlcm91z4.cloudfront.net/user_3CQ3SniOW74lIaBiTsI2ZhcNhLT/hf_20260919_064640_79f696f0-5b79-45d0-80a3-7520bfd493dc.png
03-33_p3.png,3:33-3:44,23,3,Tension,Dutch angle,"Medium two-shot, both heads snapping round","Muhire raging / ""Who is it?"" / ""Afande."" / ""Papa.""",https://d8j0ntlcm91z4.cloudfront.net/user_3CQ3SniOW74lIaBiTsI2ZhcNhLT/hf_20260919_064640_3d2201fa-8378-41e7-a6af-499ed99b4eb1.png
03-33_p4.png,3:33-3:44,23,4,Tension,Dutch angle,"Close on Gasuka, recognition","Muhire raging / ""Who is it?"" / ""Afande."" / ""Papa.""",https://d8j0ntlcm91z4.cloudfront.net/user_3CQ3SniOW74lIaBiTsI2ZhcNhLT/hf_20260919_064640_d89596a6-1e91-4e68-aada-a01fdea212da.png
03-44_p1.png,3:44-3:51,24,1,Awe,Worm's-eye,"Wide from the ground, Papa towering","Papa arrives. ""Inspector. What's happening here?""",https://d8j0ntlcm91z4.cloudfront.net/user_3CQ3SniOW74lIaBiTsI2ZhcNhLT/hf_20260919_064640_c7dd94a7-fbf3-4d49-96de-e4fb2409a59b.png
03-44_p2.png,3:44-3:51,24,2,Awe,Worm's-eye,"Medium, looking down past camera","Papa arrives. ""Inspector. What's happening here?""",https://d8j0ntlcm91z4.cloudfront.net/user_3CQ3SniOW74lIaBiTsI2ZhcNhLT/hf_20260919_064640_5d149e10-8ee8-4395-ab80-4bed26b35d58.png
03-44_p3.png,3:44-3:51,24,3,Awe,Worm's-eye,"Close from far below, glasses catching light","Papa arrives. ""Inspector. What's happening here?""",https://d8j0ntlcm91z4.cloudfront.net/user_3CQ3SniOW74lIaBiTsI2ZhcNhLT/hf_20260919_064640_2220efc1-dcd5-438d-8b5d-f5418270513b.png
03-44_p4.png,3:44-3:51,24,4,Awe,Worm's-eye,"Wide three-shot, the others tiny","Papa arrives. ""Inspector. What's happening here?""",https://d8j0ntlcm91z4.cloudfront.net/user_3CQ3SniOW74lIaBiTsI2ZhcNhLT/hf_20260919_064640_5b5631d9-b691-40ea-ad3a-29d809e73227.png
03-51_p1.png,3:51-4:02,25,1,Power,Low angle,"Medium on Gasuka, at attention","""I see no grass. I see a boy at his cousin's wedding.""",https://d8j0ntlcm91z4.cloudfront.net/user_3CQ3SniOW74lIaBiTsI2ZhcNhLT/hf_20260919_064729_228828a7-5bbc-4ad2-8eb8-129de53b2fe2.png
03-51_p2.png,3:51-4:02,25,2,Power,Low angle,"Medium on Papa, hand raised","""I see no grass. I see a boy at his cousin's wedding.""",https://d8j0ntlcm91z4.cloudfront.net/user_3CQ3SniOW74lIaBiTsI2ZhcNhLT/hf_20260919_064729_9ffd55a8-1978-48da-8e6b-da17c0b233f5.png
03-51_p3.png,3:51-4:02,25,3,Power,Low angle,"Close on Papa, absolute authority","""I see no grass. I see a boy at his cousin's wedding.""",https://d8j0ntlcm91z4.cloudfront.net/user_3CQ3SniOW74lIaBiTsI2ZhcNhLT/hf_20260919_064729_bbbbb44d-f035-4903-97dc-c927ee7aa407.png
03-51_p4.png,3:51-4:02,25,4,Power,Low angle,"Wide two-shot, Papa dominating","""I see no grass. I see a boy at his cousin's wedding.""",https://d8j0ntlcm91z4.cloudfront.net/user_3CQ3SniOW74lIaBiTsI2ZhcNhLT/hf_20260919_064729_fcfdbe8b-1857-48c4-8fce-53f35233f5d4.png
04-02_p1.png,4:02-4:11,26,1,Weakness,High angle,"Medium on Gasuka, head lowered","""Remove the cuffs, inspector."" / ""Yes, Afande.""",https://d8j0ntlcm91z4.cloudfront.net/user_3CQ3SniOW74lIaBiTsI2ZhcNhLT/hf_20260919_064729_071d6acf-2f35-48e0-9c1a-9863935c6904.png
04-02_p2.png,4:02-4:11,26,2,Weakness,High angle,"Tight, hands unlocking the cuffs","""Remove the cuffs, inspector."" / ""Yes, Afande.""",https://d8j0ntlcm91z4.cloudfront.net/user_3CQ3SniOW74lIaBiTsI2ZhcNhLT/hf_20260919_064729_73bffb04-02f7-477f-9780-147252e99982.png
04-02_p3.png,4:02-4:11,26,3,Weakness,High angle,"Close on Gasuka, defeated","""Remove the cuffs, inspector."" / ""Yes, Afande.""",https://d8j0ntlcm91z4.cloudfront.net/user_3CQ3SniOW74lIaBiTsI2ZhcNhLT/hf_20260919_064729_44fa5735-7ff6-41bf-9308-2bf7f5128198.png
04-02_p4.png,4:02-4:11,26,4,Weakness,High angle,"Medium two-shot, Muhire rubbing his wrists","""Remove the cuffs, inspector."" / ""Yes, Afande.""",https://d8j0ntlcm91z4.cloudfront.net/user_3CQ3SniOW74lIaBiTsI2ZhcNhLT/hf_20260919_064729_2f14fb06-e8a0-41e5-a70b-f4d2f0005421.png
04-11_p1.png,4:11-4:20,27,1,Isolation,Wide / bird's-eye,"Bird's-eye, alone beside the bench","""My father knows people."" / ""I refused the money and still lost.""",https://d8j0ntlcm91z4.cloudfront.net/user_3CQ3SniOW74lIaBiTsI2ZhcNhLT/hf_20260919_064729_7ddc5a5b-48e6-4550-9d27-8e3c1c9f662e.png
04-11_p2.png,4:11-4:20,27,2,Isolation,Wide / bird's-eye,"Extreme wide, lone figure, huge empty space","""My father knows people."" / ""I refused the money and still lost.""",https://d8j0ntlcm91z4.cloudfront.net/user_3CQ3SniOW74lIaBiTsI2ZhcNhLT/hf_20260919_064729_c3dc29ce-9263-446b-8518-5229e65044f9.png
04-11_p3.png,4:11-4:20,27,3,Isolation,Wide / bird's-eye,"Extreme wide, the others walking away","""My father knows people."" / ""I refused the money and still lost.""",https://d8j0ntlcm91z4.cloudfront.net/user_3CQ3SniOW74lIaBiTsI2ZhcNhLT/hf_20260919_064729_d67be095-c9bb-4d78-9928-b1f79d66851f.png
04-11_p4.png,4:11-4:20,27,4,Isolation,Wide / bird's-eye,"Bird's-eye, seated alone with the open cuffs","""My father knows people."" / ""I refused the money and still lost.""",https://d8j0ntlcm91z4.cloudfront.net/user_3CQ3SniOW74lIaBiTsI2ZhcNhLT/hf_20260919_064729_2b8443a1-d1b0-49e2-91df-c9e9a89163c3.png
