anchor	https://d8j0ntlcm91z4.cloudfront.net/user_3CQ3SniOW74lIaBiTsI2ZhcNhLT/hf_20260919_063725_ff5c1162-3700-4862-9791-c7a7a56b41d5.png
101	https://d8j0ntlcm91z4.cloudfront.net/user_3CQ3SniOW74lIaBiTsI2ZhcNhLT/hf_20260919_064026_404c2d92-95ce-47dd-a61f-c4d2cf83dea7.png
102	https://d8j0ntlcm91z4.cloudfront.net/user_3CQ3SniOW74lIaBiTsI2ZhcNhLT/hf_20260919_064026_6eec8143-aeda-4e5e-bae9-7fbb9b5141f9.png
103	https://d8j0ntlcm91z4.cloudfront.net/user_3CQ3SniOW74lIaBiTsI2ZhcNhLT/hf_20260919_064026_7163f13b-f2a0-4eda-8e6b-2b94d7fb93f7.png
104	https://d8j0ntlcm91z4.cloudfront.net/user_3CQ3SniOW74lIaBiTsI2ZhcNhLT/hf_20260919_064026_46bb5381-0668-4bb5-80fa-69307bce7dec.png
201	https://d8j0ntlcm91z4.cloudfront.net/user_3CQ3SniOW74lIaBiTsI2ZhcNhLT/hf_20260919_064026_e352aca1-abe6-49c7-9585-b4e584d25dbe.png
202	https://d8j0ntlcm91z4.cloudfront.net/user_3CQ3SniOW74lIaBiTsI2ZhcNhLT/hf_20260919_064026_d9a74b2c-5f84-4a23-85d2-eaa9147f8b52.png
203	https://d8j0ntlcm91z4.cloudfront.net/user_3CQ3SniOW74lIaBiTsI2ZhcNhLT/hf_20260919_064026_9bcc118a-7db4-4184-a511-211c62bb79d5.png
204	https://d8j0ntlcm91z4.cloudfront.net/user_3CQ3SniOW74lIaBiTsI2ZhcNhLT/hf_20260919_064026_03f452d3-42c4-4c58-a1ff-b915936bc433.png
301	https://d8j0ntlcm91z4.cloudfront.net/user_3CQ3SniOW74lIaBiTsI2ZhcNhLT/hf_20260919_064026_01ffba6c-19fa-4723-bfdb-7c2e52892911.png
302	https://d8j0ntlcm91z4.cloudfront.net/user_3CQ3SniOW74lIaBiTsI2ZhcNhLT/hf_20260919_064026_74ca379f-c28c-46c8-80d2-d2838a74196b.png
303	https://d8j0ntlcm91z4.cloudfront.net/user_3CQ3SniOW74lIaBiTsI2ZhcNhLT/hf_20260919_064026_015f4434-1d4a-4c55-a92a-6b6c631880d2.png
304	https://d8j0ntlcm91z4.cloudfront.net/user_3CQ3SniOW74lIaBiTsI2ZhcNhLT/hf_20260919_064026_a4b73446-d3a6-46d8-ad72-7030b6181fe2.png
401	https://d8j0ntlcm91z4.cloudfront.net/user_3CQ3SniOW74lIaBiTsI2ZhcNhLT/hf_20260919_064129_b1bf6540-c139-4e88-a72c-7d16ae9eb1a8.png
402	https://d8j0ntlcm91z4.cloudfront.net/user_3CQ3SniOW74lIaBiTsI2ZhcNhLT/hf_20260919_064129_01d7e974-225c-4487-a81f-d328bb34093e.png
403	https://d8j0ntlcm91z4.cloudfront.net/user_3CQ3SniOW74lIaBiTsI2ZhcNhLT/hf_20260919_064129_8b794c33-9a3d-48b5-bcb9-a06048ca3c9a.png
404	https://d8j0ntlcm91z4.cloudfront.net/user_3CQ3SniOW74lIaBiTsI2ZhcNhLT/hf_20260919_064129_c8ca84b1-4fb6-4d31-965a-a7f954682b52.png
501	https://d8j0ntlcm91z4.cloudfront.net/user_3CQ3SniOW74lIaBiTsI2ZhcNhLT/hf_20260919_064129_4eacacbf-5351-4dba-a234-8dc94f6ae656.png
502	https://d8j0ntlcm91z4.cloudfront.net/user_3CQ3SniOW74lIaBiTsI2ZhcNhLT/hf_20260919_064129_874607a8-dd95-494b-8305-9e70c500a7a3.png
503	https://d8j0ntlcm91z4.cloudfront.net/user_3CQ3SniOW74lIaBiTsI2ZhcNhLT/hf_20260919_064129_49c1a762-17db-414c-ad93-416ea0626e61.png
504	https://d8j0ntlcm91z4.cloudfront.net/user_3CQ3SniOW74lIaBiTsI2ZhcNhLT/hf_20260919_064129_5336afd3-3d67-4d4e-934f-914a782f1b57.png
601	https://d8j0ntlcm91z4.cloudfront.net/user_3CQ3SniOW74lIaBiTsI2ZhcNhLT/hf_20260919_064129_cbd1571b-301d-481e-b966-b105d1d4a80e.png
602	https://d8j0ntlcm91z4.cloudfront.net/user_3CQ3SniOW74lIaBiTsI2ZhcNhLT/hf_20260919_064129_427c890c-604c-482e-aff5-c5de086562f2.png
603	https://d8j0ntlcm91z4.cloudfront.net/user_3CQ3SniOW74lIaBiTsI2ZhcNhLT/hf_20260919_064129_a18f11f0-7ee4-48ac-9aec-649ca572011f.png
604	https://d8j0ntlcm91z4.cloudfront.net/user_3CQ3SniOW74lIaBiTsI2ZhcNhLT/hf_20260919_064129_a5db786e-75ad-4d8b-8969-5e5b57dd6bac.png
701	https://d8j0ntlcm91z4.cloudfront.net/user_3CQ3SniOW74lIaBiTsI2ZhcNhLT/hf_20260919_064210_c603d0ba-c770-4e28-828f-7a91eeaa5682.png
702	https://d8j0ntlcm91z4.cloudfront.net/user_3CQ3SniOW74lIaBiTsI2ZhcNhLT/hf_20260919_064210_e63384d3-86b3-4a55-87cd-5ec1fec8fa34.png
703	https://d8j0ntlcm91z4.cloudfront.net/user_3CQ3SniOW74lIaBiTsI2ZhcNhLT/hf_20260919_064211_5ec0c3cb-9aad-443c-9f97-2b7c3eb4bd13.png
704	https://d8j0ntlcm91z4.cloudfront.net/user_3CQ3SniOW74lIaBiTsI2ZhcNhLT/hf_20260919_064210_3b2f4655-259d-4997-8d6c-c9ec7819d592.png
801	https://d8j0ntlcm91z4.cloudfront.net/user_3CQ3SniOW74lIaBiTsI2ZhcNhLT/hf_20260919_064211_d40aa6e4-15ac-40fd-8ecf-a4375e344104.png
802	https://d8j0ntlcm91z4.cloudfront.net/user_3CQ3SniOW74lIaBiTsI2ZhcNhLT/hf_20260919_064210_36ff0d42-8e30-4d99-8bd9-1f720021d9a9.png
803	https://d8j0ntlcm91z4.cloudfront.net/user_3CQ3SniOW74lIaBiTsI2ZhcNhLT/hf_20260919_064210_35d197d5-05fc-4c9b-94dd-7106340a4cab.png
804	https://d8j0ntlcm91z4.cloudfront.net/user_3CQ3SniOW74lIaBiTsI2ZhcNhLT/hf_20260919_064210_89c4c16c-2b2e-453b-95e0-f2b251b4968a.png
901	https://d8j0ntlcm91z4.cloudfront.net/user_3CQ3SniOW74lIaBiTsI2ZhcNhLT/hf_20260919_064210_5a5820cf-2879-44df-bc88-0953f31df7db.png
902	https://d8j0ntlcm91z4.cloudfront.net/user_3CQ3SniOW74lIaBiTsI2ZhcNhLT/hf_20260919_064210_0252a7a5-ab62-45a4-9a97-f2ad8206fbb4.png
903	https://d8j0ntlcm91z4.cloudfront.net/user_3CQ3SniOW74lIaBiTsI2ZhcNhLT/hf_20260919_064211_584d3a25-ef14-4a23-8432-6fafd897cfc2.png
904	https://d8j0ntlcm91z4.cloudfront.net/user_3CQ3SniOW74lIaBiTsI2ZhcNhLT/hf_20260919_064211_fc2b5a0c-e4c1-4a67-a05a-3f03fd7c77f4.png
1001	https://d8j0ntlcm91z4.cloudfront.net/user_3CQ3SniOW74lIaBiTsI2ZhcNhLT/hf_20260919_064307_c0a5728a-2db8-4b83-ba8e-3a0171c3c996.png
1002	https://d8j0ntlcm91z4.cloudfront.net/user_3CQ3SniOW74lIaBiTsI2ZhcNhLT/hf_20260919_064309_bfaae65a-be56-4024-81a4-9a2298a328d8.png
1003	https://d8j0ntlcm91z4.cloudfront.net/user_3CQ3SniOW74lIaBiTsI2ZhcNhLT/hf_20260919_064308_6fd4a9c1-2174-46f7-96f7-bb7b2598eba0.png
1004	https://d8j0ntlcm91z4.cloudfront.net/user_3CQ3SniOW74lIaBiTsI2ZhcNhLT/hf_20260919_064307_28c16fe6-2400-42f8-bb8b-80b7bb102296.png
1101	https://d8j0ntlcm91z4.cloudfront.net/user_3CQ3SniOW74lIaBiTsI2ZhcNhLT/hf_20260919_064307_1586138f-b876-4168-bc3a-17c79f555d35.png
1102	https://d8j0ntlcm91z4.cloudfront.net/user_3CQ3SniOW74lIaBiTsI2ZhcNhLT/hf_20260919_064307_3e0e0e11-558c-4679-89d6-791a15d71e3d.png
1103	https://d8j0ntlcm91z4.cloudfront.net/user_3CQ3SniOW74lIaBiTsI2ZhcNhLT/hf_20260919_064307_46abbdb9-833c-42cb-9edd-34041224879f.png
1201	https://d8j0ntlcm91z4.cloudfront.net/user_3CQ3SniOW74lIaBiTsI2ZhcNhLT/hf_20260919_064307_8acd516b-4631-416f-8a79-1143701f6f26.png
1202	https://d8j0ntlcm91z4.cloudfront.net/user_3CQ3SniOW74lIaBiTsI2ZhcNhLT/hf_20260919_064307_ef432cd7-5a8f-41a0-a59b-2bdb2b29c1d7.png
1203	https://d8j0ntlcm91z4.cloudfront.net/user_3CQ3SniOW74lIaBiTsI2ZhcNhLT/hf_20260919_064307_42e65214-8a6a-423e-9080-1008996e90ff.png
1204	https://d8j0ntlcm91z4.cloudfront.net/user_3CQ3SniOW74lIaBiTsI2ZhcNhLT/hf_20260919_064307_9b8510cd-f2e2-42cb-ad9b-48670316e1c6.png
1301	https://d8j0ntlcm91z4.cloudfront.net/user_3CQ3SniOW74lIaBiTsI2ZhcNhLT/hf_20260919_064352_91f10cf3-2fa6-49a4-abf3-21b62fcedb6e.png
1302	https://d8j0ntlcm91z4.cloudfront.net/user_3CQ3SniOW74lIaBiTsI2ZhcNhLT/hf_20260919_064352_e84faade-a4d6-40ca-9b49-e0d10861d276.png
1303	https://d8j0ntlcm91z4.cloudfront.net/user_3CQ3SniOW74lIaBiTsI2ZhcNhLT/hf_20260919_064351_438d2d06-8a26-4546-bdec-36ffa1deb698.png
1304	https://d8j0ntlcm91z4.cloudfront.net/user_3CQ3SniOW74lIaBiTsI2ZhcNhLT/hf_20260919_064351_81ebef4d-14a3-46fe-b67c-5eb61b3d3ae2.png
1401	https://d8j0ntlcm91z4.cloudfront.net/user_3CQ3SniOW74lIaBiTsI2ZhcNhLT/hf_20260919_064351_289fedf2-c745-4005-a238-fabdc25b2b3c.png
1402	https://d8j0ntlcm91z4.cloudfront.net/user_3CQ3SniOW74lIaBiTsI2ZhcNhLT/hf_20260919_064351_0546186e-b3b4-425e-8ec7-4b8a152b14f4.png
1403	https://d8j0ntlcm91z4.cloudfront.net/user_3CQ3SniOW74lIaBiTsI2ZhcNhLT/hf_20260919_064351_3bc87e36-7000-4c69-965b-401e4e74330e.png
1404	https://d8j0ntlcm91z4.cloudfront.net/user_3CQ3SniOW74lIaBiTsI2ZhcNhLT/hf_20260919_064352_37ff7557-b937-4e2c-96eb-d60b895a6db8.png
1501	https://d8j0ntlcm91z4.cloudfront.net/user_3CQ3SniOW74lIaBiTsI2ZhcNhLT/hf_20260919_064351_083333ec-969b-400c-9438-520a8ecebc85.png
1502	https://d8j0ntlcm91z4.cloudfront.net/user_3CQ3SniOW74lIaBiTsI2ZhcNhLT/hf_20260919_064352_22f6c8f0-2c10-4500-b120-2bdbf0c362c6.png
1503	https://d8j0ntlcm91z4.cloudfront.net/user_3CQ3SniOW74lIaBiTsI2ZhcNhLT/hf_20260919_064352_4bfe56e9-ada4-4ac8-9b1b-d1c9fb15380b.png
1504	https://d8j0ntlcm91z4.cloudfront.net/user_3CQ3SniOW74lIaBiTsI2ZhcNhLT/hf_20260919_064352_ee414b8d-bb24-4041-b590-d2155f1438e0.png
1601	https://d8j0ntlcm91z4.cloudfront.net/user_3CQ3SniOW74lIaBiTsI2ZhcNhLT/hf_20260919_064450_4dcd4133-b37c-455f-a96f-db23570f81f8.png
1602	https://d8j0ntlcm91z4.cloudfront.net/user_3CQ3SniOW74lIaBiTsI2ZhcNhLT/hf_20260919_064451_41fc0e7a-3e61-41c9-83c3-0c11ee2e777d.png
1603	https://d8j0ntlcm91z4.cloudfront.net/user_3CQ3SniOW74lIaBiTsI2ZhcNhLT/hf_20260919_064450_8a060fe6-6b27-4d72-8249-21ca5e975f1c.png
1604	https://d8j0ntlcm91z4.cloudfront.net/user_3CQ3SniOW74lIaBiTsI2ZhcNhLT/hf_20260919_064450_bb2764e9-83c7-4677-9d9a-e4c98e52ced2.png
1702	https://d8j0ntlcm91z4.cloudfront.net/user_3CQ3SniOW74lIaBiTsI2ZhcNhLT/hf_20260919_064450_8eef2a66-fc33-4f98-b496-980f7a62bde4.png
1703	https://d8j0ntlcm91z4.cloudfront.net/user_3CQ3SniOW74lIaBiTsI2ZhcNhLT/hf_20260919_064450_72581098-585b-4282-af6b-51055a9caced.png
1704	https://d8j0ntlcm91z4.cloudfront.net/user_3CQ3SniOW74lIaBiTsI2ZhcNhLT/hf_20260919_064451_71cacc3f-7ad6-42a5-ae1e-99ded9beaa9b.png
1801	https://d8j0ntlcm91z4.cloudfront.net/user_3CQ3SniOW74lIaBiTsI2ZhcNhLT/hf_20260919_064451_ee154df0-239f-4bff-933c-17a546bc4eea.png
1802	https://d8j0ntlcm91z4.cloudfront.net/user_3CQ3SniOW74lIaBiTsI2ZhcNhLT/hf_20260919_064450_74a73625-445a-4ce4-8fba-4a1a6a63870e.png
1803	https://d8j0ntlcm91z4.cloudfront.net/user_3CQ3SniOW74lIaBiTsI2ZhcNhLT/hf_20260919_064450_9cbde664-dddd-4c58-9f70-645d70e5560a.png
1804	https://d8j0ntlcm91z4.cloudfront.net/user_3CQ3SniOW74lIaBiTsI2ZhcNhLT/hf_20260919_064450_e2e4a132-b150-436c-ae11-7246aa611c32.png
2002	https://d8j0ntlcm91z4.cloudfront.net/user_3CQ3SniOW74lIaBiTsI2ZhcNhLT/hf_20260919_064537_8274e100-bb6a-45b4-bf69-02b9f778276e.png
2003	https://d8j0ntlcm91z4.cloudfront.net/user_3CQ3SniOW74lIaBiTsI2ZhcNhLT/hf_20260919_064537_52bed82e-68e9-47be-905c-1de919f090ce.png
2103	https://d8j0ntlcm91z4.cloudfront.net/user_3CQ3SniOW74lIaBiTsI2ZhcNhLT/hf_20260919_064537_285dfaec-9658-40c0-8dc6-bfdba794fc9b.png
2104	https://d8j0ntlcm91z4.cloudfront.net/user_3CQ3SniOW74lIaBiTsI2ZhcNhLT/hf_20260919_064537_f3b94afd-b47d-43a6-b23b-98d65b9ff09d.png
1901	https://d8j0ntlcm91z4.cloudfront.net/user_3CQ3SniOW74lIaBiTsI2ZhcNhLT/hf_20260919_064537_234444c4-fdd1-4854-83a5-e0d470296040.png
1902	https://d8j0ntlcm91z4.cloudfront.net/user_3CQ3SniOW74lIaBiTsI2ZhcNhLT/hf_20260919_064537_84d39bc6-b8b9-48d9-b413-b8126d32c6be.png
1903	https://d8j0ntlcm91z4.cloudfront.net/user_3CQ3SniOW74lIaBiTsI2ZhcNhLT/hf_20260919_064537_fdf419f6-35a2-4ef2-ba7b-0462d06b333f.png
1904	https://d8j0ntlcm91z4.cloudfront.net/user_3CQ3SniOW74lIaBiTsI2ZhcNhLT/hf_20260919_064537_d8cb3964-7e5a-4bba-82cb-26d8d80ce257.png
2001	https://d8j0ntlcm91z4.cloudfront.net/user_3CQ3SniOW74lIaBiTsI2ZhcNhLT/hf_20260919_064537_5681779b-66d6-4280-93a7-d5ca966fe7d6.png
2004	https://d8j0ntlcm91z4.cloudfront.net/user_3CQ3SniOW74lIaBiTsI2ZhcNhLT/hf_20260919_064537_57eb8a98-7e4b-4086-bd0c-af543053f6a8.png
2101	https://d8j0ntlcm91z4.cloudfront.net/user_3CQ3SniOW74lIaBiTsI2ZhcNhLT/hf_20260919_064537_4e1e8558-ad59-4f7c-95ed-dfc2afe0ce37.png
2102	https://d8j0ntlcm91z4.cloudfront.net/user_3CQ3SniOW74lIaBiTsI2ZhcNhLT/hf_20260919_064537_58dfafb6-5832-4660-a2a8-b776d713893f.png
2204	https://d8j0ntlcm91z4.cloudfront.net/user_3CQ3SniOW74lIaBiTsI2ZhcNhLT/hf_20260919_064640_f895e52f-a490-4542-9925-cd6cf8d1c69c.png
2302	https://d8j0ntlcm91z4.cloudfront.net/user_3CQ3SniOW74lIaBiTsI2ZhcNhLT/hf_20260919_064640_79f696f0-5b79-45d0-80a3-7520bfd493dc.png
2304	https://d8j0ntlcm91z4.cloudfront.net/user_3CQ3SniOW74lIaBiTsI2ZhcNhLT/hf_20260919_064640_d89596a6-1e91-4e68-aada-a01fdea212da.png
2401	https://d8j0ntlcm91z4.cloudfront.net/user_3CQ3SniOW74lIaBiTsI2ZhcNhLT/hf_20260919_064640_c7dd94a7-fbf3-4d49-96de-e4fb2409a59b.png
2403	https://d8j0ntlcm91z4.cloudfront.net/user_3CQ3SniOW74lIaBiTsI2ZhcNhLT/hf_20260919_064640_2220efc1-dcd5-438d-8b5d-f5418270513b.png
2201	https://d8j0ntlcm91z4.cloudfront.net/user_3CQ3SniOW74lIaBiTsI2ZhcNhLT/hf_20260919_064640_726e9e97-bf4c-424b-b4d1-e32d54f509be.png
2202	https://d8j0ntlcm91z4.cloudfront.net/user_3CQ3SniOW74lIaBiTsI2ZhcNhLT/hf_20260919_064640_2a87d4c2-88d8-47ac-8e7b-4c533a52c6af.png
2203	https://d8j0ntlcm91z4.cloudfront.net/user_3CQ3SniOW74lIaBiTsI2ZhcNhLT/hf_20260919_064640_2d56cefc-da80-4b57-a23f-aa74f5cd76d8.png
2404	https://d8j0ntlcm91z4.cloudfront.net/user_3CQ3SniOW74lIaBiTsI2ZhcNhLT/hf_20260919_064640_5b5631d9-b691-40ea-ad3a-29d809e73227.png
2502	https://d8j0ntlcm91z4.cloudfront.net/user_3CQ3SniOW74lIaBiTsI2ZhcNhLT/hf_20260919_064729_9ffd55a8-1978-48da-8e6b-da17c0b233f5.png
2301	https://d8j0ntlcm91z4.cloudfront.net/user_3CQ3SniOW74lIaBiTsI2ZhcNhLT/hf_20260919_064640_9fc37c6c-f5d0-4de6-b954-32d74bd12b39.png
2303	https://d8j0ntlcm91z4.cloudfront.net/user_3CQ3SniOW74lIaBiTsI2ZhcNhLT/hf_20260919_064640_3d2201fa-8378-41e7-a6af-499ed99b4eb1.png
2503	https://d8j0ntlcm91z4.cloudfront.net/user_3CQ3SniOW74lIaBiTsI2ZhcNhLT/hf_20260919_064729_bbbbb44d-f035-4903-97dc-c927ee7aa407.png
2602	https://d8j0ntlcm91z4.cloudfront.net/user_3CQ3SniOW74lIaBiTsI2ZhcNhLT/hf_20260919_064729_73bffb04-02f7-477f-9780-147252e99982.png
2701	https://d8j0ntlcm91z4.cloudfront.net/user_3CQ3SniOW74lIaBiTsI2ZhcNhLT/hf_20260919_064729_7ddc5a5b-48e6-4550-9d27-8e3c1c9f662e.png
2702	https://d8j0ntlcm91z4.cloudfront.net/user_3CQ3SniOW74lIaBiTsI2ZhcNhLT/hf_20260919_064729_c3dc29ce-9263-446b-8518-5229e65044f9.png
2402	https://d8j0ntlcm91z4.cloudfront.net/user_3CQ3SniOW74lIaBiTsI2ZhcNhLT/hf_20260919_064640_5d149e10-8ee8-4395-ab80-4bed26b35d58.png
2504	https://d8j0ntlcm91z4.cloudfront.net/user_3CQ3SniOW74lIaBiTsI2ZhcNhLT/hf_20260919_064729_fcfdbe8b-1857-48c4-8fce-53f35233f5d4.png
2601	https://d8j0ntlcm91z4.cloudfront.net/user_3CQ3SniOW74lIaBiTsI2ZhcNhLT/hf_20260919_064729_071d6acf-2f35-48e0-9c1a-9863935c6904.png
2603	https://d8j0ntlcm91z4.cloudfront.net/user_3CQ3SniOW74lIaBiTsI2ZhcNhLT/hf_20260919_064729_44fa5735-7ff6-41bf-9308-2bf7f5128198.png
2604	https://d8j0ntlcm91z4.cloudfront.net/user_3CQ3SniOW74lIaBiTsI2ZhcNhLT/hf_20260919_064729_2f14fb06-e8a0-41e5-a70b-f4d2f0005421.png
2704	https://d8j0ntlcm91z4.cloudfront.net/user_3CQ3SniOW74lIaBiTsI2ZhcNhLT/hf_20260919_064729_2b8443a1-d1b0-49e2-91df-c9e9a89163c3.png
2501	https://d8j0ntlcm91z4.cloudfront.net/user_3CQ3SniOW74lIaBiTsI2ZhcNhLT/hf_20260919_064729_228828a7-5bbc-4ad2-8eb8-129de53b2fe2.png
2703	https://d8j0ntlcm91z4.cloudfront.net/user_3CQ3SniOW74lIaBiTsI2ZhcNhLT/hf_20260919_064729_d67be095-c9bb-4d78-9928-b1f79d66851f.png
